[
    {
        "model": "home.classdetails",
        "pk": 1,
        "fields": {
            "className": "name for Pre Nursery",
            "classTitle": "title for Pre Nursery"
        }
    },
    {
        "model": "home.subject",
        "pk": 1,
        "fields": {
            "className": 1,
            "SubjectName": "English",
            "SubjectTitle": "title for English"
        }
    },
    {
        "model": "home.topic",
        "pk": 1,
        "fields": {
            "Subject": 1,
            "TopicName": "Alphabet ",
            "topicTitle": "title for Alphabet "
        }
    },
    {
        "model": "home.subtopic",
        "pk": 1,
        "fields": {
            "topic": 1,
            "SubTopicName": "ALPHABET IDENTIFICATION FOR TODDLERS",
            "subtopicTitle": "title for ALPHABET IDENTIFICATION FOR TODDLERS"
        }
    },
    {
        "model": "home.explain",
        "pk": 1,
        "fields": {
            "SubTopic": 1,
            "explaintitle": "ALPHABET IDENTIFICATION FOR TODDLERS - 1",
            "imgBlack": "uploads/gallery/Black/ALPHABET IDENTIFICATION FOR TODDLERS - B-1.jpg",
            "imgColor": "uploads/gallery/Color/ALPHABET IDENTIFICATION FOR TODDLERS-1.jpg",
            "body": " ALPHABET IDENTIFICATION FOR TODDLERS - 1"
        }
    },
    {
        "model": "home.explain",
        "pk": 2,
        "fields": {
            "SubTopic": 1,
            "explaintitle": "ALPHABET IDENTIFICATION FOR TODDLERS - 2",
            "imgBlack": "uploads/gallery/Black/ALPHABET IDENTIFICATION FOR TODDLERS - B-2.jpg",
            "imgColor": "uploads/gallery/Color/ALPHABET IDENTIFICATION FOR TODDLERS-2.jpg",
            "body": " ALPHABET IDENTIFICATION FOR TODDLERS - 2"
        }
    },
    {
        "model": "home.explain",
        "pk": 3,
        "fields": {
            "SubTopic": 1,
            "explaintitle": "ALPHABET IDENTIFICATION FOR TODDLERS - 3",
            "imgBlack": "uploads/gallery/Black/ALPHABET IDENTIFICATION FOR TODDLERS - B-3.jpg",
            "imgColor": "uploads/gallery/Color/ALPHABET IDENTIFICATION FOR TODDLERS-3.jpg",
            "body": " ALPHABET IDENTIFICATION FOR TODDLERS - 3"
        }
    },
    {
        "model": "home.topic",
        "pk": 2,
        "fields": {
            "Subject": 1,
            "TopicName": "Tracing ",
            "topicTitle": "title for Tracing "
        }
    },
    {
        "model": "home.subtopic",
        "pk": 2,
        "fields": {
            "topic": 2,
            "SubTopicName": "Tracing circle",
            "subtopicTitle": "title for Tracing circle"
        }
    },
    {
        "model": "home.explain",
        "pk": 4,
        "fields": {
            "SubTopic": 2,
            "explaintitle": "Tracing circle -1",
            "imgBlack": "uploads/gallery/Black/TRACING CIRCLE - B-1.jpg",
            "imgColor": "uploads/gallery/Color/TRACING CIRCLE-1.jpg",
            "body": " Tracing circle -1"
        }
    },
    {
        "model": "home.explain",
        "pk": 5,
        "fields": {
            "SubTopic": 2,
            "explaintitle": "Tracing circle -2",
            "imgBlack": "uploads/gallery/Black/TRACING CIRCLE - B-2.jpg",
            "imgColor": "uploads/gallery/Color/TRACING CIRCLE-2.jpg",
            "body": " Tracing circle -2"
        }
    },
    {
        "model": "home.explain",
        "pk": 6,
        "fields": {
            "SubTopic": 2,
            "explaintitle": "Tracing circle -3",
            "imgBlack": "uploads/gallery/Black/TRACING CIRCLE - B-3.jpg",
            "imgColor": "uploads/gallery/Color/TRACING CIRCLE-3.jpg",
            "body": " Tracing circle -3"
        }
    },
    {
        "model": "home.subject",
        "pk": 2,
        "fields": {
            "className": 1,
            "SubjectName": "Maths",
            "SubjectTitle": "title for Maths"
        }
    },
    {
        "model": "home.topic",
        "pk": 3,
        "fields": {
            "Subject": 2,
            "TopicName": "NUMBER IDENTIFICATION FOR TODDLERS ",
            "topicTitle": "title for NUMBER IDENTIFICATION FOR TODDLERS "
        }
    },
    {
        "model": "home.subtopic",
        "pk": 3,
        "fields": {
            "topic": 3,
            "SubTopicName": "NUMBER IDENTIFICATION FOR TODDLERS",
            "subtopicTitle": "title for NUMBER IDENTIFICATION FOR TODDLERS"
        }
    },
    {
        "model": "home.explain",
        "pk": 7,
        "fields": {
            "SubTopic": 3,
            "explaintitle": "NUMBER IDENTIFICATION FOR TODDLERS - 1",
            "imgBlack": "uploads/gallery/Black/NUMBER IDENTIFICATION FOR TODDLERS - B-1.jpg",
            "imgColor": "uploads/gallery/Color/NUMBER IDENTIFICATION FOR TODDLERS-1.jpg",
            "body": " NUMBER IDENTIFICATION FOR TODDLERS - 1"
        }
    },
    {
        "model": "home.explain",
        "pk": 8,
        "fields": {
            "SubTopic": 3,
            "explaintitle": "NUMBER IDENTIFICATION FOR TODDLERS - 2",
            "imgBlack": "uploads/gallery/Black/NUMBER IDENTIFICATION FOR TODDLERS - B-2.jpg",
            "imgColor": "uploads/gallery/Color/NUMBER IDENTIFICATION FOR TODDLERS-2.jpg",
            "body": " NUMBER IDENTIFICATION FOR TODDLERS - 2"
        }
    },
    {
        "model": "home.explain",
        "pk": 9,
        "fields": {
            "SubTopic": 3,
            "explaintitle": "NUMBER IDENTIFICATION FOR TODDLERS - 3",
            "imgBlack": "uploads/gallery/Black/NUMBER IDENTIFICATION FOR TODDLERS - B-3.jpg",
            "imgColor": "uploads/gallery/Color/NUMBER IDENTIFICATION FOR TODDLERS-3.jpg",
            "body": " NUMBER IDENTIFICATION FOR TODDLERS - 3"
        }
    },
    {
        "model": "home.classdetails",
        "pk": 2,
        "fields": {
            "className": "name for  Nursery",
            "classTitle": "title for  Nursery"
        }
    },
    {
        "model": "home.subject",
        "pk": 3,
        "fields": {
            "className": 2,
            "SubjectName": "English",
            "SubjectTitle": "title for English"
        }
    },
    {
        "model": "home.topic",
        "pk": 4,
        "fields": {
            "Subject": 3,
            "TopicName": "Alphabet",
            "topicTitle": "title for Alphabet"
        }
    },
    {
        "model": "home.subtopic",
        "pk": 4,
        "fields": {
            "topic": 4,
            "SubTopicName": "A TO Z ACTIVITY",
            "subtopicTitle": "title for A TO Z ACTIVITY"
        }
    },
    {
        "model": "home.explain",
        "pk": 10,
        "fields": {
            "SubTopic": 4,
            "explaintitle": "A TO Z ACTIVITY - 1",
            "imgBlack": "uploads/gallery/Black/A TO Z ACTIVITY - B - 2.jpg",
            "imgColor": "uploads/gallery/Color/A TO Z ACTIVITY - 1.jpg",
            "body": " A TO Z ACTIVITY - 1"
        }
    },
    {
        "model": "home.explain",
        "pk": 11,
        "fields": {
            "SubTopic": 4,
            "explaintitle": "A TO Z ACTIVITY - 2",
            "imgBlack": "uploads/gallery/Black/A TO Z ACTIVITY - B - 3.jpg",
            "imgColor": "uploads/gallery/Color/A TO Z ACTIVITY - 2.jpg",
            "body": " A TO Z ACTIVITY - 2"
        }
    },
    {
        "model": "home.explain",
        "pk": 12,
        "fields": {
            "SubTopic": 4,
            "explaintitle": "A TO Z ACTIVITY - 3",
            "imgBlack": "uploads/gallery/Black/A TO Z ACTIVITY - B - 4.jpg",
            "imgColor": "uploads/gallery/Color/A TO Z ACTIVITY - 3.jpg",
            "body": " A TO Z ACTIVITY - 3"
        }
    },
    {
        "model": "home.subject",
        "pk": 4,
        "fields": {
            "className": 2,
            "SubjectName": "MATHS",
            "SubjectTitle": "title for MATHS"
        }
    },
    {
        "model": "home.topic",
        "pk": 5,
        "fields": {
            "Subject": 4,
            "TopicName": "Count and match",
            "topicTitle": "title for Count and match"
        }
    },
    {
        "model": "home.subtopic",
        "pk": 5,
        "fields": {
            "topic": 5,
            "SubTopicName": "COUNT AND MATCH UP TO 10",
            "subtopicTitle": "title for COUNT AND MATCH UP TO 10"
        }
    },
    {
        "model": "home.explain",
        "pk": 13,
        "fields": {
            "SubTopic": 5,
            "explaintitle": "COUNT AND MATCH UP TO 10 - 1",
            "imgBlack": "uploads/gallery/Black/COUNT AND MATCH UP TO 10 - B-1.jpg",
            "imgColor": "uploads/gallery/Color/COUNT AND MATCH UP TO 10-1.jpg",
            "body": " COUNT AND MATCH UP TO 10 - 1"
        }
    },
    {
        "model": "home.explain",
        "pk": 14,
        "fields": {
            "SubTopic": 5,
            "explaintitle": "COUNT AND MATCH UP TO 10 - 2",
            "imgBlack": "uploads/gallery/Black/COUNT AND MATCH UP TO 10 - B-2.jpg",
            "imgColor": "uploads/gallery/Color/COUNT AND MATCH UP TO 10-2.jpg",
            "body": " COUNT AND MATCH UP TO 10 - 2"
        }
    },
    {
        "model": "home.explain",
        "pk": 15,
        "fields": {
            "SubTopic": 5,
            "explaintitle": "COUNT AND MATCH UP TO 10 - 3",
            "imgBlack": "uploads/gallery/Black/COUNT AND MATCH UP TO 10 - B-3.jpg",
            "imgColor": "uploads/gallery/Color/COUNT AND MATCH UP TO 10-3.jpg",
            "body": " COUNT AND MATCH UP TO 10 - 3"
        }
    },
    {
        "model": "home.topic",
        "pk": 6,
        "fields": {
            "Subject": 4,
            "TopicName": "Count and write",
            "topicTitle": "title for Count and write"
        }
    },
    {
        "model": "home.subtopic",
        "pk": 6,
        "fields": {
            "topic": 6,
            "SubTopicName": "COUNT AND WRITE UP TO 10",
            "subtopicTitle": "title for COUNT AND WRITE UP TO 10"
        }
    },
    {
        "model": "home.explain",
        "pk": 16,
        "fields": {
            "SubTopic": 6,
            "explaintitle": "COUNT AND WRITE UP TO 10 - 1",
            "imgBlack": "uploads/gallery/Black/COUNT AND WRITE UP TO 10 - B-1.jpg",
            "imgColor": "uploads/gallery/Color/COUNT AND WRITE UP TO 10-1.jpg",
            "body": " COUNT AND WRITE UP TO 10 - 1"
        }
    },
    {
        "model": "home.explain",
        "pk": 17,
        "fields": {
            "SubTopic": 6,
            "explaintitle": "COUNT AND WRITE UP TO 10 - 2",
            "imgBlack": "uploads/gallery/Black/COUNT AND WRITE UP TO 10 - B-2.jpg",
            "imgColor": "uploads/gallery/Color/COUNT AND WRITE UP TO 10-2.jpg",
            "body": " COUNT AND WRITE UP TO 10 - 2"
        }
    },
    {
        "model": "home.explain",
        "pk": 18,
        "fields": {
            "SubTopic": 6,
            "explaintitle": "COUNT AND WRITE UP TO 10 - 3",
            "imgBlack": "uploads/gallery/Black/COUNT AND WRITE UP TO 10 - B-3.jpg",
            "imgColor": "uploads/gallery/Color/COUNT AND WRITE UP TO 10-3.jpg",
            "body": " COUNT AND WRITE UP TO 10 - 3"
        }
    },
    {
        "model": "home.classdetails",
        "pk": 3,
        "fields": {
            "className": "name for LKG",
            "classTitle": "title for LKG"
        }
    },
    {
        "model": "home.subject",
        "pk": 5,
        "fields": {
            "className": 3,
            "SubjectName": "English",
            "SubjectTitle": "title for English"
        }
    },
    {
        "model": "home.topic",
        "pk": 7,
        "fields": {
            "Subject": 5,
            "TopicName": "CURSIVE LOWERCASE PRACTIVE",
            "topicTitle": "title for CURSIVE LOWERCASE PRACTIVE"
        }
    },
    {
        "model": "home.subtopic",
        "pk": 7,
        "fields": {
            "topic": 7,
            "SubTopicName": "CURSIVE LOWERCASE PRACTIVE (A TO F)",
            "subtopicTitle": "title for CURSIVE LOWERCASE PRACTIVE (A TO F)"
        }
    },
    {
        "model": "home.explain",
        "pk": 19,
        "fields": {
            "SubTopic": 7,
            "explaintitle": "CURSIVE LOWERCASE PRACTIVE (A TO F) - 1",
            "imgBlack": "uploads/gallery/Black/CURSIVE LOWERCASE PRACTIVE (A TO F) - B-1.jpg",
            "imgColor": "uploads/gallery/Color/CURSIVE LOWERCASE PRACTIVE (A TO F)-1.jpg",
            "body": " CURSIVE LOWERCASE PRACTIVE (A TO F) - 1"
        }
    },
    {
        "model": "home.explain",
        "pk": 20,
        "fields": {
            "SubTopic": 7,
            "explaintitle": "CURSIVE LOWERCASE PRACTIVE (A TO F) - 2",
            "imgBlack": "uploads/gallery/Black/CURSIVE LOWERCASE PRACTIVE (A TO F) - B-2.jpg",
            "imgColor": "uploads/gallery/Color/CURSIVE LOWERCASE PRACTIVE (A TO F)-2.jpg",
            "body": " CURSIVE LOWERCASE PRACTIVE (A TO F) - 2"
        }
    },
    {
        "model": "home.explain",
        "pk": 21,
        "fields": {
            "SubTopic": 7,
            "explaintitle": "CURSIVE LOWERCASE PRACTIVE (A TO F) - 3",
            "imgBlack": "uploads/gallery/Black/CURSIVE LOWERCASE PRACTIVE (A TO F) - B-3.jpg",
            "imgColor": "uploads/gallery/Color/CURSIVE LOWERCASE PRACTIVE (A TO F)-3.jpg",
            "body": " CURSIVE LOWERCASE PRACTIVE (A TO F) - 3"
        }
    },
    {
        "model": "home.topic",
        "pk": 8,
        "fields": {
            "Subject": 5,
            "TopicName": "CURSIVE LOWERCASE TRACING",
            "topicTitle": "title for CURSIVE LOWERCASE TRACING"
        }
    },
    {
        "model": "home.subtopic",
        "pk": 8,
        "fields": {
            "topic": 8,
            "SubTopicName": "CURSIVE LOWERCASE TRACING",
            "subtopicTitle": "title for CURSIVE LOWERCASE TRACING"
        }
    },
    {
        "model": "home.explain",
        "pk": 22,
        "fields": {
            "SubTopic": 8,
            "explaintitle": "CURSIVE LOWERCASE TRACING - 1",
            "imgBlack": "uploads/gallery/Black/CURSIVE LOWERCASE TRACING - B-1.jpg",
            "imgColor": "uploads/gallery/Color/CURSIVE LOWERCASE TRACING-1.jpg",
            "body": " CURSIVE LOWERCASE TRACING - 1"
        }
    },
    {
        "model": "home.explain",
        "pk": 23,
        "fields": {
            "SubTopic": 8,
            "explaintitle": "CURSIVE LOWERCASE TRACING - 2",
            "imgBlack": "uploads/gallery/Black/CURSIVE LOWERCASE TRACING - B-2.jpg",
            "imgColor": "uploads/gallery/Color/CURSIVE LOWERCASE TRACING-2.jpg",
            "body": " CURSIVE LOWERCASE TRACING - 2"
        }
    },
    {
        "model": "home.explain",
        "pk": 24,
        "fields": {
            "SubTopic": 8,
            "explaintitle": "CURSIVE LOWERCASE TRACING - 3",
            "imgBlack": "uploads/gallery/Black/CURSIVE LOWERCASE TRACING - B-3.jpg",
            "imgColor": "uploads/gallery/Color/CURSIVE LOWERCASE TRACING-3.jpg",
            "body": " CURSIVE LOWERCASE TRACING - 3"
        }
    },
    {
        "model": "home.topic",
        "pk": 9,
        "fields": {
            "Subject": 5,
            "TopicName": "SOUND",
            "topicTitle": "title for SOUND"
        }
    },
    {
        "model": "home.subtopic",
        "pk": 9,
        "fields": {
            "topic": 9,
            "SubTopicName": "A SOUND CURSIVE",
            "subtopicTitle": "title for A SOUND CURSIVE"
        }
    },
    {
        "model": "home.explain",
        "pk": 25,
        "fields": {
            "SubTopic": 9,
            "explaintitle": "A SOUND CURSIVE - 1",
            "imgBlack": "uploads/gallery/Black/A SOUND - B-1.jpg",
            "imgColor": "uploads/gallery/Color/A SOUND CURSIVE-1.png",
            "body": " A SOUND CURSIVE - 1"
        }
    },
    {
        "model": "home.explain",
        "pk": 26,
        "fields": {
            "SubTopic": 9,
            "explaintitle": "A SOUND CURSIVE - 2",
            "imgBlack": "uploads/gallery/Black/A SOUND - B-2.jpg",
            "imgColor": "uploads/gallery/Color/A SOUND CURSIVE-2.png",
            "body": " A SOUND CURSIVE - 2"
        }
    },
    {
        "model": "home.explain",
        "pk": 27,
        "fields": {
            "SubTopic": 9,
            "explaintitle": "A SOUND CURSIVE - 3",
            "imgBlack": "uploads/gallery/Black/A SOUND - B-3.jpg",
            "imgColor": "uploads/gallery/Color/A SOUND CURSIVE-3.png",
            "body": " A SOUND CURSIVE - 3"
        }
    },
    {
        "model": "home.classdetails",
        "pk": 4,
        "fields": {
            "className": "name for UKG",
            "classTitle": "title for UKG"
        }
    },
    {
        "model": "home.subject",
        "pk": 6,
        "fields": {
            "className": 4,
            "SubjectName": "English",
            "SubjectTitle": "title for English"
        }
    },
    {
        "model": "home.topic",
        "pk": 10,
        "fields": {
            "Subject": 6,
            "TopicName": "ACTION WORDS",
            "topicTitle": "title for ACTION WORDS"
        }
    },
    {
        "model": "home.subtopic",
        "pk": 10,
        "fields": {
            "topic": 10,
            "SubTopicName": "ACTION WORDS",
            "subtopicTitle": "title for ACTION WORDS"
        }
    },
    {
        "model": "home.explain",
        "pk": 28,
        "fields": {
            "SubTopic": 10,
            "explaintitle": "ACTION WORDS - 1",
            "imgBlack": "uploads/gallery/Black/ACTION WORDS - B-1.jpg",
            "imgColor": "uploads/gallery/Color/ACTION WORDS-1.jpg",
            "body": " ACTION WORDS - 1"
        }
    },
    {
        "model": "home.explain",
        "pk": 29,
        "fields": {
            "SubTopic": 10,
            "explaintitle": "ACTION WORDS - 2",
            "imgBlack": "uploads/gallery/Black/ACTION WORDS - B-2.jpg",
            "imgColor": "uploads/gallery/Color/ACTION WORDS-2.jpg",
            "body": " ACTION WORDS - 2"
        }
    },
    {
        "model": "home.explain",
        "pk": 30,
        "fields": {
            "SubTopic": 10,
            "explaintitle": "ACTION WORDS - 3",
            "imgBlack": "uploads/gallery/Black/ACTION WORDS - B-3.jpg",
            "imgColor": "uploads/gallery/Color/ACTION WORDS-3.jpg",
            "body": " ACTION WORDS - 3"
        }
    },
    {
        "model": "home.topic",
        "pk": 11,
        "fields": {
            "Subject": 6,
            "TopicName": "ANIMALS  NAME",
            "topicTitle": "title for ANIMALS  NAME"
        }
    },
    {
        "model": "home.subtopic",
        "pk": 11,
        "fields": {
            "topic": 11,
            "SubTopicName": "ANIMALS  NAME",
            "subtopicTitle": "title for ANIMALS  NAME"
        }
    },
    {
        "model": "home.explain",
        "pk": 31,
        "fields": {
            "SubTopic": 11,
            "explaintitle": "ANIMALS  NAME - 1",
            "imgBlack": "uploads/gallery/Black/ANIMALS NAME - B-1.jpg",
            "imgColor": "uploads/gallery/Color/ANIMALS  NAME-1.jpg",
            "body": " ANIMALS  NAME - 1"
        }
    },
    {
        "model": "home.explain",
        "pk": 32,
        "fields": {
            "SubTopic": 11,
            "explaintitle": "ANIMALS  NAME - 2",
            "imgBlack": "uploads/gallery/Black/ANIMALS NAME - B-2.jpg",
            "imgColor": "uploads/gallery/Color/ANIMALS  NAME-2.jpg",
            "body": " ANIMALS  NAME - 2"
        }
    },
    {
        "model": "home.explain",
        "pk": 33,
        "fields": {
            "SubTopic": 11,
            "explaintitle": "ANIMALS  NAME - 3",
            "imgBlack": "uploads/gallery/Black/ANIMALS NAME - B-3.jpg",
            "imgColor": "uploads/gallery/Color/ANIMALS  NAME-3.jpg",
            "body": " ANIMALS  NAME - 3"
        }
    },
    {
        "model": "home.topic",
        "pk": 12,
        "fields": {
            "Subject": 6,
            "TopicName": "ANIMALS BABY",
            "topicTitle": "title for ANIMALS BABY"
        }
    },
    {
        "model": "home.subtopic",
        "pk": 12,
        "fields": {
            "topic": 12,
            "SubTopicName": "ANIMALS BABY",
            "subtopicTitle": "title for ANIMALS BABY"
        }
    },
    {
        "model": "home.explain",
        "pk": 34,
        "fields": {
            "SubTopic": 12,
            "explaintitle": "ANIMALS BABY - 1",
            "imgBlack": "uploads/gallery/Black/ANIMALS BABY - B-1.jpg",
            "imgColor": "uploads/gallery/Color/ANIMALS BABY-1.jpg",
            "body": " ANIMALS BABY - 1"
        }
    },
    {
        "model": "home.explain",
        "pk": 35,
        "fields": {
            "SubTopic": 12,
            "explaintitle": "ANIMALS BABY - 2",
            "imgBlack": "uploads/gallery/Black/ANIMALS BABY - B-2.jpg",
            "imgColor": "uploads/gallery/Color/ANIMALS BABY-2.jpg",
            "body": " ANIMALS BABY - 2"
        }
    },
    {
        "model": "home.explain",
        "pk": 36,
        "fields": {
            "SubTopic": 12,
            "explaintitle": "ANIMALS BABY - 3",
            "imgBlack": "uploads/gallery/Black/ANIMALS BABY - B-3.jpg",
            "imgColor": "uploads/gallery/Color/ANIMALS BABY-3.jpg",
            "body": " ANIMALS BABY - 3"
        }
    },
    {
        "model": "home.classdetails",
        "pk": 5,
        "fields": {
            "className": "name for 1",
            "classTitle": "title for 1"
        }
    },
    {
        "model": "home.subject",
        "pk": 7,
        "fields": {
            "className": 5,
            "SubjectName": "English",
            "SubjectTitle": "title for English"
        }
    },
    {
        "model": "home.topic",
        "pk": 13,
        "fields": {
            "Subject": 7,
            "TopicName": "ACTION WORDS",
            "topicTitle": "title for ACTION WORDS"
        }
    },
    {
        "model": "home.subtopic",
        "pk": 13,
        "fields": {
            "topic": 13,
            "SubTopicName": "ACTION WORDS",
            "subtopicTitle": "title for ACTION WORDS"
        }
    },
    {
        "model": "home.explain",
        "pk": 37,
        "fields": {
            "SubTopic": 13,
            "explaintitle": "ACTION WORDS - 10",
            "imgBlack": "uploads/gallery/Black/ACTION WORDS - B-1.jpg",
            "imgColor": "uploads/gallery/Color/ACTION WORDS-1.jpg",
            "body": " ACTION WORDS - 10"
        }
    },
    {
        "model": "home.explain",
        "pk": 38,
        "fields": {
            "SubTopic": 13,
            "explaintitle": "ACTION WORDS - 11",
            "imgBlack": "uploads/gallery/Black/ACTION WORDS - B-2.jpg",
            "imgColor": "uploads/gallery/Color/ACTION WORDS-2.jpg",
            "body": " ACTION WORDS - 11"
        }
    },
    {
        "model": "home.explain",
        "pk": 39,
        "fields": {
            "SubTopic": 13,
            "explaintitle": "ACTION WORDS - 13",
            "imgBlack": "uploads/gallery/Black/ACTION WORDS - B-3.jpg",
            "imgColor": "uploads/gallery/Color/ACTION WORDS-3.jpg",
            "body": " ACTION WORDS - 13"
        }
    },
    {
        "model": "home.topic",
        "pk": 14,
        "fields": {
            "Subject": 7,
            "TopicName": "ANIMALS  NAME",
            "topicTitle": "title for ANIMALS  NAME"
        }
    },
    {
        "model": "home.subtopic",
        "pk": 14,
        "fields": {
            "topic": 14,
            "SubTopicName": "ANIMALS  NAME",
            "subtopicTitle": "title for ANIMALS  NAME"
        }
    },
    {
        "model": "home.explain",
        "pk": 40,
        "fields": {
            "SubTopic": 14,
            "explaintitle": "ANIMALS  NAME - 14",
            "imgBlack": "uploads/gallery/Black/ANIMALS NAME - B-1.jpg",
            "imgColor": "uploads/gallery/Color/ANIMALS  NAME-1.jpg",
            "body": " ANIMALS  NAME - 14"
        }
    },
    {
        "model": "home.explain",
        "pk": 41,
        "fields": {
            "SubTopic": 14,
            "explaintitle": "ANIMALS  NAME - 15",
            "imgBlack": "uploads/gallery/Black/ANIMALS NAME - B-2.jpg",
            "imgColor": "uploads/gallery/Color/ANIMALS  NAME-2.jpg",
            "body": " ANIMALS  NAME - 15"
        }
    },
    {
        "model": "home.explain",
        "pk": 42,
        "fields": {
            "SubTopic": 14,
            "explaintitle": "ANIMALS  NAME - 16",
            "imgBlack": "uploads/gallery/Black/ANIMALS NAME - B-3.jpg",
            "imgColor": "uploads/gallery/Color/ANIMALS  NAME-3.jpg",
            "body": " ANIMALS  NAME - 16"
        }
    },
    {
        "model": "home.topic",
        "pk": 15,
        "fields": {
            "Subject": 7,
            "TopicName": "ANIMALS BABY",
            "topicTitle": "title for ANIMALS BABY"
        }
    },
    {
        "model": "home.subtopic",
        "pk": 15,
        "fields": {
            "topic": 15,
            "SubTopicName": "ANIMALS BABY",
            "subtopicTitle": "title for ANIMALS BABY"
        }
    },
    {
        "model": "home.explain",
        "pk": 43,
        "fields": {
            "SubTopic": 15,
            "explaintitle": "ANIMALS BABY - 17",
            "imgBlack": "uploads/gallery/Black/ANIMALS BABY - B-1.jpg",
            "imgColor": "uploads/gallery/Color/ANIMALS BABY-1.jpg",
            "body": " ANIMALS BABY - 17"
        }
    },
    {
        "model": "home.explain",
        "pk": 44,
        "fields": {
            "SubTopic": 15,
            "explaintitle": "ANIMALS BABY - 18",
            "imgBlack": "uploads/gallery/Black/ANIMALS BABY - B-2.jpg",
            "imgColor": "uploads/gallery/Color/ANIMALS BABY-2.jpg",
            "body": " ANIMALS BABY - 18"
        }
    },
    {
        "model": "home.explain",
        "pk": 45,
        "fields": {
            "SubTopic": 15,
            "explaintitle": "ANIMALS BABY - 19",
            "imgBlack": "uploads/gallery/Black/ANIMALS BABY - B-3.jpg",
            "imgColor": "uploads/gallery/Color/ANIMALS BABY-3.jpg",
            "body": " ANIMALS BABY - 19"
        }
    }
]